{"cameraMode":{"drawMode":0,"name":"Shaded","section":"Shading Mode"},"sceneLighting":false,"audioPlay":false,"sceneViewState":{"showFog":true,"showMaterialUpdate":false,"showSkybox":false,"showFlares":true,"showImageEffects":true,"showParticleSystems":true},"in2DMode":false,"pivot":{"x":0.01396942138671875,"y":-0.0000019073486328125,"z":-0.0000019073486328125},"rotation":{"x":0.10127720236778259,"y":0.32749810814857485,"z":-0.03519725054502487,"w":0.9389928579330444},"size":14.563847541809082,"orthographic":false}