{"cameraMode":{"drawMode":0,"name":"Shaded","section":"Shading Mode"},"sceneLighting":false,"audioPlay":false,"sceneViewState":{"showFog":true,"showMaterialUpdate":false,"showSkybox":false,"showFlares":true,"showImageEffects":true,"showParticleSystems":true},"in2DMode":false,"pivot":{"x":-0.6667690277099609,"y":2.384185791015625e-7,"z":-0.11217498779296875},"rotation":{"x":0.2222955971956253,"y":-0.7170270085334778,"z":0.26308679580688479,"w":0.6061388254165649},"size":4.527692794799805,"orthographic":false}