{"cameraMode":{"drawMode":0,"name":"Shaded","section":"Shading Mode"},"sceneLighting":true,"audioPlay":false,"sceneViewState":{"showFog":true,"showMaterialUpdate":false,"showSkybox":true,"showFlares":true,"showImageEffects":true,"showParticleSystems":true},"in2DMode":false,"pivot":{"x":10.412416458129883,"y":2.1771063804626467,"z":14.569746971130371},"rotation":{"x":-0.01466874498873949,"y":0.05870511755347252,"z":-0.0009275386692024767,"w":-0.9981994032859802},"size":2.551476240158081,"orthographic":false}