{"cameraMode":{"drawMode":0,"name":"Shaded","section":"Shading Mode"},"sceneLighting":false,"audioPlay":false,"sceneViewState":{"showFog":true,"showMaterialUpdate":false,"showSkybox":false,"showFlares":true,"showImageEffects":true,"showParticleSystems":true},"in2DMode":false,"pivot":{"x":1.09232759475708,"y":2.030013084411621,"z":-2.5331597328186037},"rotation":{"x":-0.016308264806866647,"y":0.34772035479545596,"z":-0.00605859886854887,"w":-0.9374448657035828},"size":2.5124688148498537,"orthographic":false}