{"cameraMode":{"drawMode":0,"name":"Shaded","section":"Shading Mode"},"sceneLighting":false,"audioPlay":false,"sceneViewState":{"showFog":true,"showMaterialUpdate":false,"showSkybox":false,"showFlares":true,"showImageEffects":true,"showParticleSystems":true},"in2DMode":false,"pivot":{"x":-14.394235610961914,"y":-3.755983829498291,"z":0.2191162109375},"rotation":{"x":0.10597612708806992,"y":-0.7642589807510376,"z":0.13011468946933747,"w":0.622802734375},"size":17.19186019897461,"orthographic":false}