{"cameraMode":{"drawMode":0,"name":"Shaded","section":"Shading Mode"},"sceneLighting":false,"audioPlay":false,"sceneViewState":{"showFog":true,"showMaterialUpdate":false,"showSkybox":false,"showFlares":true,"showImageEffects":true,"showParticleSystems":true},"in2DMode":false,"pivot":{"x":-0.0008620023727416992,"y":0.0,"z":0.00031375885009765625},"rotation":{"x":0.22039400041103364,"y":-0.6267866492271423,"z":0.191264808177948,"w":0.7225962281227112},"size":1.0775487422943116,"orthographic":false}