{"cameraMode":{"drawMode":0,"name":"Shaded","section":"Shading Mode"},"sceneLighting":false,"audioPlay":false,"sceneViewState":{"showFog":true,"showMaterialUpdate":false,"showSkybox":false,"showFlares":true,"showImageEffects":true,"showParticleSystems":true},"in2DMode":false,"pivot":{"x":9.5367431640625e-7,"y":0.00009089335799217224,"z":0.0},"rotation":{"x":0.21237017214298249,"y":0.7523081302642822,"z":-0.2887945771217346,"w":0.5529056191444397},"size":14.142436027526856,"orthographic":false}