{"cameraMode":{"drawMode":0,"name":"Shaded","section":"Shading Mode"},"sceneLighting":true,"audioPlay":false,"sceneViewState":{"showFog":true,"showMaterialUpdate":false,"showSkybox":true,"showFlares":true,"showImageEffects":true,"showParticleSystems":true},"in2DMode":false,"pivot":{"x":3.757566452026367,"y":2.7554450035095217,"z":10.617259979248047},"rotation":{"x":-0.011969942599534989,"y":-0.9862919449806213,"z":-0.08244504779577255,"w":0.1427750587463379},"size":2.551476240158081,"orthographic":false}