{"cameraMode":{"drawMode":0,"name":"Shaded","section":"Shading Mode"},"sceneLighting":false,"audioPlay":false,"sceneViewState":{"showFog":true,"showMaterialUpdate":false,"showSkybox":false,"showFlares":true,"showImageEffects":true,"showParticleSystems":true},"in2DMode":false,"pivot":{"x":-0.054848432540893558,"y":0.28187519311904909,"z":1.1543203592300416},"rotation":{"x":-0.014433697797358036,"y":0.7061114311218262,"z":-0.014411712996661663,"w":-0.7078171968460083},"size":1.5217796564102173,"orthographic":false}