{"cameraMode":{"drawMode":0,"name":"Shaded","section":"Shading Mode"},"sceneLighting":false,"audioPlay":false,"sceneViewState":{"showFog":true,"showMaterialUpdate":false,"showSkybox":false,"showFlares":true,"showImageEffects":true,"showParticleSystems":true},"in2DMode":false,"pivot":{"x":2.9802322387695315e-8,"y":0.0,"z":5.960464477539063e-8},"rotation":{"x":-0.14866574108600617,"y":0.7881513833999634,"z":-0.2098916471004486,"w":-0.5593830943107605},"size":0.7022534012794495,"orthographic":false}